Category,Total_Sales,Total_Profit,Total_Quantity,Avg_Rating,Order_Count,Profit_Margin
Beauty,5072187.47,663925.62,3133,4.306954436450839,1251,0.13089532355159578
Books,2623240.79,288037.61,3167,4.257936507936508,1260,0.10980220004889447
Electronics,19230857.88,2787971.98,3205,4.28716744913928,1278,0.14497387466523154
Fashion,6562425.69,884317.0,3039,4.297906602254429,1242,0.13475459255067007
Grocery,3349976.27,404542.65,3114,4.26759410801964,1222,0.12075985541234895
Home Decor,9029117.76,1250100.69,3225,4.266923076923077,1300,0.13845214153015986
Mobile Accessories,4607535.01,604791.99,2905,4.256997455470738,1179,0.1312615072240113
Sports,9693998.11,1343854.59,3188,4.298895899053628,1268,0.138627486280787
