Month_Offset,LR_Forecast,ARIMA_Forecast
1,4449419.884222223,5439409.549894359
2,4389216.848222223,5408338.084604688
3,4329013.812222224,5415490.6525617605
