Month_Future,Predicted_Sales
+1,4449419.884222223
+2,4389216.848222223
+3,4329013.812222224
